Place,Lat,Lon
"Aberdeen, WA",46.9753708,-123.8157218
"Abilene, KS",38.9172216,-97.2139094
"Abilene, TX",32.4487364,-99.7331439
"Abington, PA",40.1240795,-75.1195107
"Adel, IA",41.6144325,-94.017453
"Adrian, MI",41.8975471,-84.0371659
"Ainsworth, NE",42.5449992,-99.8615126
"Ainswroth, NE",42.5449992,-99.8615126
"Ajo, AZ",32.3717248,-112.86071
"Akron, OH",41.0814447,-81.5190053
"Alamo, CA",37.8502032,-122.032184
"Albion, MI",42.243097,-84.7530304
"Albuquerque, NM",35.0853336,-106.6055534
"Alexandria, VA",38.8048355,-77.0469214
"Alfalfa, OR",44.0775,-121.01583
"Allison Park, PA",40.5594832,-79.9592134
"Alma, WI",44.3199654,-91.9148839
"Alpine, CA",32.8350521,-116.7664109
"Altadena, CA",34.190162,-118.1313188
"Altoona, PA",40.5186809,-78.3947359
"Alvarado, TX",32.4065312,-97.2116782
"Ames, IA",42.02335,-93.625622
"Amherst, MA",42.3732216,-72.5198537
"Anacortes, WA",48.5126045,-122.6126718
"Anaheim, CA",33.8352932,-117.9145036
"Anchor Bay, CA",38.8026883,-123.5777894
"Anchorage, AK",61.2180556,-149.9002778
"Anderson, SC",34.5034394,-82.6501332
"Annapolis, MD",38.9784453,-76.4921829
"Anniston, AL",33.6598257,-85.8316318
"Antlers, OK",34.231212,-95.6202476
"Apache Junction, AZ",33.4150485,-111.5495777
"Apopka, FL",28.6934076,-81.5322149
"Apple Valley, MN",44.7319094,-93.21772
"Appleton, WI",44.2619309,-88.4153847
"Appling, GA",33.545833,-82.315833
"Aptos, CA",36.9771729,-121.8994016
"Arcadia, FL",27.2158826,-81.8584164
"Arcata, CA",40.8665166,-124.0828396
"Arlington, TX",32.735687,-97.1080656
"Arlington, VA",38.8799697,-77.1067698
"Arlington, WA",48.1987118,-122.1251418
"Arrington, TN",35.8681199,-86.7091643
"Asheville, NC",35.6009452,-82.554015
"Ashford, WA",46.7584413,-122.0309409
"Ashland, VA",37.7590318,-77.4799837
"Ashland, WI",46.5924428,-90.8837982
"Astoria, OR",46.1878841,-123.8312534
"Athens, GA",33.955802,-83.3823656
"Athens, OH",39.3292396,-82.1012554
"Athens, TN",35.4428512,-84.5929898
"Atlanta, GA",33.7489954,-84.3879824
"Atlanta, IL",40.2594846,-89.2334236
"Aurora, CO",39.7294319,-104.8319195
"Austin, TX",30.267153,-97.7430608
"Avenue City, MO",39.8633274,-94.7571864
"Bainbridge Island, WA",47.6262081,-122.5212448
"Bainbridge, WA",47.655097,-122.5179118
"Baker City, OR",44.7748748,-117.8343848
"Bandera, TX",29.7266131,-99.0736462
"Bandon, OR",43.1189978,-124.408448
"Banks, OR",45.6187245,-123.1142758
"Bansall, CA",33.2889226,-117.2255903
"Bardwell, TX",32.2690354,-96.6961027
"Battle Creek, MI",42.3211522,-85.1797142
"Baxter Springs, KS",37.0236759,-94.7355042
"Baxter, TN",36.1536718,-85.6435909
"Bayfield, WI",46.8107671,-90.81824
"Beaver, OR",45.2767726,-123.8265055
"Beaverton, OR",45.487062,-122.8037102
"Belgrade, MT",45.7786111,-111.1788889
"Bellaire, TX",29.7057858,-95.4588299
"Belle Plaine, IA",41.8955529,-92.2757404
"Bellemont, AZ",35.2380657,-111.8334974
"Bellevue, TN",36.0727326,-86.9624086
"Bellevue, WA",47.610377,-122.2006786
"Bellingham, WA",48.7595529,-122.4882249
"Bells, TX",33.6103837,-96.4108188
"Bellville, TX",29.9502253,-96.2571858
"Belmar, NJ",40.1784471,-74.0218037
"Belmont, MA",42.3956405,-71.1776114
"Belton, TX",31.0560132,-97.464453
"Belvidere, NJ",40.82982,-75.0776747
"Benbrook, TX",32.673188,-97.4605759
"Bend, OR",44.0581728,-121.3153096
"Benicia, CA",38.049365,-122.1585777
"Bennett, CO",39.7588736,-104.4274609
"Benson, NC",35.3821067,-78.548621
"Berea, OH",41.3661614,-81.8543026
"Bergen Park, CO",39.6944559,-105.357761
"Berkeley, CA",37.8715926,-122.272747
"Berkley, MI",42.5030908,-83.1835389
"Berryville, VA",39.1517713,-77.9822193
"Bethesda, MD",38.9806658,-77.100256
"Bethesda, TN",35.8222888,-85.3424701
"Beverly, MA",42.5584283,-70.880049
"Bexley, OH",39.9689532,-82.9376804
"Bingen, WA",45.7148416,-121.4645173
"Binghamton, NY",42.0986867,-75.9179738
"Biscoe, NC",35.3598626,-79.7797613
"Bishop, CA",37.3635404,-118.3951101
"Bismarck, ND",46.8083268,-100.7837392
"Black Diamond, WA",47.3087121,-122.0031691
"Black Mountain, NC",35.6178951,-82.3212302
"Black River Falls, WI",44.2946833,-90.8515311
"Blowing Rock, NC",36.135129,-81.6776059
"Blue Ash, OH",39.2320029,-84.3782734
"Blue Ridge, TX",33.2978909,-96.4016498
"Bluff, UT",37.2844448,-109.5517877
"Bluffdale, UT",40.4896711,-111.9388244
"Boalsburg, PA",40.7756184,-77.7924992
"Boca  Raton, FL",26.3683064,-80.1289321
"Boca Raton, FL",26.3586885,-80.0830984
"Bogart, GA",33.949281,-83.534608
"Boiling Springs, PA",40.1498124,-77.1283133
"Boise, ID",43.5867164,-116.1956556
"Bolivar, TX",33.3584483,-97.2452944
"Bonifay, FL",30.7918559,-85.6796533
"Bonsall, CA",33.2889226,-117.2255903
"Boone, NC",36.216795,-81.6745517
"Boonville, MO",38.9736392,-92.7432418
"Borrego Springs, CA",33.2558717,-116.375012
"Boston, MA",42.3584308,-71.0597732
"Boulder, CO",40.0149856,-105.2705456
"Bowling Green, OH",41.3747744,-83.6513229
"Bozeman, MT",45.68346,-111.050499
"Brandenton, FL",27.4989278,-82.5748194
"Brandon, MS",32.2732024,-89.9859158
"Brattleboro, VT",42.8509152,-72.5578678
"Brazil, IN",39.523652,-87.1250154
"Bremerton, WA",47.57,-122.6525
"Brenham, TX",30.1668828,-96.3977442
"Brentwood, TN",36.0331164,-86.7827772
"Brevard, NC",35.2334472,-82.7342919
"Brick, NJ",40.0578384,-74.1371832
"Bridgewater, VA",38.3820706,-78.976696
"Brigham City, UT",41.5102129,-112.0155015
"Bristow, VA",38.7228945,-77.5361005
"Brock, TX",32.675804,-97.94059
"Broken Bow, OK",34.0292764,-94.7391045
"Bronte, TX",31.8873671,-100.2917601
"Bronx, NY",40.8370495,-73.8654295
"Brookings, OR",42.0526114,-124.2839819
"Brooklyn Center, MN",45.076076,-93.3327283
"Brookshire, TX",29.7860643,-95.9510661
"Brownfield, TX",33.1812035,-102.2743489
"Brownsville, TN",35.5939671,-89.262291
"Bryan, TX",30.6743643,-96.3699632
"Buckeye, AZ",33.3703197,-112.5837766
"Buellton, CA",34.613597,-120.1926505
"Buena Vista, CO",38.8422178,-106.1311288
"Burgank, CA",34.1808392,-118.3089661
"Burlington, KS",38.1944667,-95.7427641
"Burlington, VT",44.4758825,-73.212072
"Burlington, WA",48.4756621,-122.3254375
"Burns, OR",43.5862606,-119.0541032
"Byers, CO",39.7113708,-104.2277358
"Cadiz, KY",36.8650496,-87.835295
"Calabasas, CA",34.1367208,-118.6614809
"Calera, OK",33.9345433,-96.4286022
"Calexico, CA",32.6789476,-115.4988834
"California, MD",38.3004029,-76.5074542
"Calipatria, CA",33.1255957,-115.5141538
"Callisburg, TX",33.6978844,-97.0088971
"Camano Island, WA",48.1739862,-122.5282138
"Camarillo, CA",34.2163937,-119.0376023
"Cameron, AZ",35.8758285,-111.4129207
"Camp Verde, AZ",34.5636358,-111.8543178
"Canal Winchester, OH",39.8466556,-82.8123646
"Canandaigua, NY",42.887535,-77.2816984
"Cannon Beach, OR",45.8917738,-123.9615274
"Canton, TX",32.5565244,-95.8632996
"Cape Charles, VA",37.267916,-76.0174336
"Cape Coral, FL",26.5628537,-81.9495331
"Cape May, NJ",38.9351125,-74.9060053
"Cape Vincent, NY",44.1278299,-76.3330006
"Carbondale, IL",37.7272727,-89.2167501
"Carlisle, PA",40.2025,-77.195
"Carlsbad, CA",33.1580933,-117.3505939
"Carlstadt, NJ",40.8403778,-74.0906974
"Carlyle, IL",38.6103264,-89.3725796
"Carmel Valley, CA",36.4799184,-121.7328075
"Carmel, CA",36.5552386,-121.9232879
"Carmel, IN",39.978371,-86.1180435
"Carmichael, CA",38.617127,-121.3282843
"Carpinteria, CA",34.3988838,-119.5184564
"Carson, WA",45.725,-121.818333
"Carthage, MO",37.176447,-94.3102228
"Casa Grande, AZ",32.8795022,-111.7573521
"Castle Rock, CO",39.3722121,-104.8560902
"Castro Valley, CA",37.6940973,-122.0863522
"Catalina, AZ",32.5000731,-110.9212146
"Catonsville, MD",39.2720509,-76.7319161
"Cedar Falls, IA",42.5236111,-92.4463889
"Cedar Park, TX",30.505198,-97.8202888
"Cedartown, GA",34.01849,-85.253464
"Celina, TX",33.3245586,-96.7844417
"Celo, NC",35.8551177,-82.1978994
"Centralia, WA",46.7162136,-122.9542972
"Centreville, MD",39.0417785,-76.0663334
"Chambersburg, PA",39.9375911,-77.6611022
"Chandler, AZ",33.3061605,-111.8412502
"Chapel Hill, NC",35.9131996,-79.0558445
"Chappell Hill, TX",30.1427171,-96.2569071
"Chariton, IA",41.017594,-93.309862
"Chattanooga, TN",35.0456297,-85.3096801
"Chattaroy, WA",47.8896162,-117.3577177
"Chehalis, WA",46.6620478,-122.9640175
"Chelmsford, MA",42.5998139,-71.3672838
"Chesapeake, VA",36.7682088,-76.2874927
"Chester, MD",38.9753903,-76.2893991
"Cheyenne, WY",41.1399814,-104.8202462
"Chico, CA",39.7284944,-121.8374777
"Childersburg, AL",33.2781686,-86.3549774
"Chino Valley, AZ",34.7575227,-112.4537809
"Chitina, AK",61.5158333,-144.4369443
"Choteau, MT",47.8124531,-112.1836301
"Christiansted, St. Croix, VI",17.7466397,-64.7031977
"Christoval, TX",31.1935006,-100.4987052
"Chula Vista, CA",32.6400541,-117.0841955
"Church Creek, MD",38.5020649,-76.1521643
"Cincinnati, OH",39.1031182,-84.5120196
"Citrus Springs, FL",28.9974771,-82.4706548
"City, State",32.5641645,-116.9452974
"Clairemont West, CA",32.8239594,-117.1848787
"Clarkston, WA",46.4162723,-117.0451581
"Clarksville, MD",39.2061962,-76.9455664
"Clarksville, TN",36.5297706,-87.3594528
"Clarksville, VA",36.6240297,-78.5569449
"Clatskanie, OR",46.1012219,-123.2067863
"Clayton, NC",35.650711,-78.4563914
"Cle Elum, MN",46.729553,-94.6858998
"Cle Elum, WA",47.1953976,-120.939249
"Clearview, WA",47.833889,-122.124722
"Cleburne, TX",32.3476438,-97.3866837
"Clemmons, NC",36.0215258,-80.3819984
"Clemson, SC",34.6834382,-82.8373654
"Clermont, FL",28.5494447,-81.7728543
"Clewiston, FL",26.7542312,-80.9336753
"Clifton, AZ",33.0508966,-109.2961826
"Clinton, MI",42.5868882,-82.9195514
"Clinton, MO",38.3686324,-93.7782689
"Clinton, UT",41.139666,-112.0504983
"Clinton, WA",47.9784276,-122.3556962
"Clints Well, AZ",34.5544699,-111.3129169
"Cloverdale, CA",38.8054624,-123.0172227
"Clovis, NM",34.4047987,-103.2052272
"Coconut Creek, FL",26.2517482,-80.1789351
"Colbert, OK",33.8531568,-96.5024916
"Colbert, WA",47.8265601,-117.3418832
"Coldwater, MI",41.9403263,-85.0005215
"College Park, MD",38.9896967,-76.93776
"College Station, TX",30.627977,-96.3344068
"Collinwood, TN",35.1742474,-87.7378029
"Colorado City, CO",37.9452861,-104.8352628
"Colorado Springs, CO",38.8338816,-104.8213634
"Columbia Furnace, VA",38.8762228,-78.6255697
"Columbia, MO",38.9517053,-92.3340724
"Columbus, IN",39.2014404,-85.9213796
"Columbus, OH",39.9611755,-82.9987942
"Columbus, TX",29.7066232,-96.5396933
"Concord, CA",37.9779776,-122.0310733
"Concord, MA",42.4603719,-71.3489484
"Condon, OR",45.2342966,-120.1850344
"Confluence, PA",39.8128547,-79.3567015
"Congress, AZ",34.162526,-112.8507374
"Connell, WA",46.6634733,-118.8611117
"Conway, AR",35.0886963,-92.4421011
"Conway, NH",43.9791831,-71.1203479
"Cooke City, MT",45.0187722,-109.9344667
"Cookeville, TN",36.162839,-85.5016423
"Cooper City, FL",26.0573112,-80.271716
"Coraopolis, PA",40.5184013,-80.1667247
"Corona del Mar, CA",33.59806,-117.87222
"Corona, CA",33.8752935,-117.5664384
"Coronado, CA",32.6858853,-117.1830891
"Corvallis, OR",44.5645659,-123.2620435
"Cosmopolis, WA",46.9553719,-123.7737763
"Cottonwood Heights, UT",40.6183158,-111.8162931
"Council Grove, KS",38.6611187,-96.4919473
"Covington, TX",32.1784832,-97.2580677
"Cranbury, NJ",40.3025907,-74.511172
"Crane, TX",31.3973624,-102.3501419
"Creal Springs, IL",37.6194946,-88.8367311
"Crested Butte, CO",38.8697146,-106.9878231
"Crete, NE",40.6252173,-96.9615141
"Crockett, TX",31.3182359,-95.4566136
"Crofton, MD",39.0017772,-76.6874671
"Cromwell, CT",41.6235809,-72.6505957
"Crowley, TX",32.5790251,-97.3625172
"Cuchara, CO",37.379167,-105.099722
"Culver City, CA",34.0211224,-118.3964665
"Cumberland, MD",39.6528654,-78.7625185
"Cumming, GA",34.2073196,-84.1401926
"Cupertino, CA",37.3229978,-122.0321823
"Custer, SD",43.7666507,-103.5988057
"Dacula, GA",33.9887165,-83.8979573
"Dahlonega, GA",34.5261465,-83.9843953
"Dallas, TX",32.802955,-96.769923
"Daly City, CA",37.6879241,-122.4702079
"Damascus, VA",36.6337272,-81.7837303
"Dana Point, CA",33.4669721,-117.6981075
"Daphne, AL",30.6035255,-87.9036047
"Dardanelle, AR",35.2231408,-93.1579532
"Darnestown, MD",39.1034409,-77.2908166
"Davenport, IA",41.5236437,-90.5776367
"Davenport, WA",47.6540456,-118.149973
"Davie, FL",26.0764783,-80.2521157
"Davis, CA",38.5449065,-121.7405167
"Dayton, OH",39.7589478,-84.1916069
"Dayton, OR",45.2206728,-123.0762134
"Deadwood, SD",44.376651,-103.7296415
"Decatur, GA",33.7748275,-84.2963123
"Del Rey Oaks, CA",36.5932934,-121.8349515
"Deland, FL",29.028318,-81.3031179
"Delavan, WI",42.6330703,-88.6437138
"Delaware Water Gap, PA",40.9792619,-75.1429563
"Delray Beach, FL",26.4614625,-80.0728201
"Delta, CO",38.7422062,-108.0689582
"Delta, UT",39.3521777,-112.57717
"Deltona, FL",28.9005446,-81.2636738
"Deming, WA",48.8256718,-122.21599
"Denali National Park, AK",63.625637,-151.1602068
"Denison, TX",33.7556593,-96.536658
"Denton, MD",38.8845582,-75.8271563
"Denver, CO",39.7391536,-104.9847034
"Des Moines, IA",41.6005448,-93.6091064
"Des Moines, WA",47.4017661,-122.3242902
"Descanso, CA",32.8528287,-116.6158525
"Deshler, NE",40.1408402,-97.7228191
"Diamond Lake, OR",43.1736956,-122.1521466
"Dighton, KS",38.4819612,-100.4670844
"Dillsburg, PA",40.1109255,-77.034978
"Dobson, NC",36.3956891,-80.722567
"Drummond, MT",46.6674305,-113.1472857
"Duarte, CA",34.1394513,-117.9772873
"Dublin, CA",37.7021521,-121.9357918
"Duncanville, TX",32.6518004,-96.9083366
"Dunnellon, FL",29.0491426,-82.4609331
"Durango, CO",37.27528,-107.8800667
"Durham, NC",35.9940329,-78.898619
"Duvall, WA",47.7423218,-121.9856781
"E. Wenatchee, WA",47.4156824,-120.2931263
"East Dundee, IL",42.0989145,-88.2714689
"East Wenatchee, WA",47.4156824,-120.2931263
"Easton, MD",38.7742826,-76.0763305
"Easton, PA",40.688432,-75.2207323
"Eastsound, WA",48.696654,-122.9061069
"Edgartown, MA",41.3890052,-70.5133599
"Edgefield, SC",33.7895774,-81.9295582
"Edinburg, VA",38.8209466,-78.5658453
"Edison, NJ",40.5187154,-74.4120953
"Egg Harbor Township, NJ",39.3911111,-74.5938889
"El Cajon, CA",32.7947731,-116.9625269
"El Campo, TX",29.1966405,-96.2696867
"El Cerrito, CA",37.9161326,-122.310765
"Elbe, WA",46.7648287,-122.1937212
"Elgin, OR",45.5648612,-117.917434
"Elkhart, TX",31.6251747,-95.5793977
"Ellicott City, MD",39.2673283,-76.7983067
"Elmira, NY",42.0897965,-76.8077338
"Elwood, KS",39.7555498,-94.872466
"Ely, MN",47.9032372,-91.8670873
"Emmitsburg, MD",39.7045417,-77.3269307
"Emporia, KS",38.403903,-96.1816626
"Encinitas, CA",33.0369867,-117.2919818
"Enumclaw, WA",47.2042681,-121.9915003
"Ephrata, PA",40.1798165,-76.1788391
"Ephrata, WA",47.3176385,-119.5536491
"Era, TX",33.4953886,-97.288073
"Escondido, CA",33.1192068,-117.086421
"Eugene, OR",44.0520691,-123.0867536
"Eustis, FL",28.8527675,-81.6853534
"Evans, GA",33.5337464,-82.1306747
"Evanston, WY",41.2682794,-110.9632373
"Everett, WA",47.9789848,-122.2020794
"Fagatoga, AS",-14.2795685,-170.6923312
"Fair Oaks, CA",38.6446264,-121.2721718
"Fairbanks Ranch, CA",32.9939331,-117.1872572
"Fairbanks, AK",64.8377778,-147.7163889
"Fairfax, CA",37.9871454,-122.5888686
"Fairfax, VA",38.8462236,-77.3063733
"Fairfield, CA",38.24935809,-122.0399663
"Fairfield, CT",41.1408363,-73.2612615
"Fairplay, CO",39.2247125,-106.0019618
"Fairview, UT",39.626351,-111.4396325
"Falcon, CO",38.9330494,-104.6085826
"Falls Church, VA",38.882334,-77.1710914
"Falls City, NE",40.0608352,-95.6019294
"Felton, CA",37.0513374,-122.0732973
"Fenwick Island, DE",38.4623346,-75.05129219999999
"Fernandina Beach, FL",30.6696818,-81.46259189999999
"Flagstaff, AZ",35.2013516,-111.639249
"Flemington, NJ",40.5123258,-74.8593318
"Florence, AZ",33.0314508,-111.3873431
"Florence, OR",43.9826214,-124.0998409
"Florence, SC",34.1954331,-79.7625625
"Florence, TX",30.8412954,-97.7936268
"Florida City, FL",25.4478898,-80.4792237
"Floyd, VA",36.9112443,-80.3200502
"Foothill Ranch, CA",33.68639,-117.66
"Forest Grove, OR",45.5198364,-123.1106631
"Forest Hills, NY",40.718106,-73.8448469
"Forks, WA",47.950355,-124.3854867
"Fort  Davis, TX",30.5882111,-103.8946253
"Fort Collins, CO",40.5852602,-105.084423
"Fort Davis, TX",30.5882111,-103.8946253
"Fort Lauderdale, FL",26.1223084,-80.1433786
"Fort Lee, NJ",40.8509333,-73.9701381
"Fort Myers, FL",26.640628,-81.8723084
"Fort Pierce, FL",27.4467056,-80.3256056
"Fort Worth, TX",32.725409,-97.3208496
"Fountain Hills, AZ",33.60535,-111.741113
"Fox, AK",64.9580556,-147.6183333
"Frankfort, KY",38.2009055,-84.8732835
"Frankfort, MI",44.6336096,-86.2345396
"Franklin, KY",36.722263,-86.5772177
"Franklin, TN",35.9250637,-86.8688899
"Franklin, VA",36.6776507,-76.9224608
"Franklinton, LA",30.8471283,-90.153141
"Frazier Park, CA",34.8227556,-118.9448219
"Frederick, MD",39.4142688,-77.4105409
"Fredericksburg, TX",30.2752011,-98.8719843
"Fredericksburg, VA",38.3031837,-77.4605399
"Freeport, ME",43.8570065,-70.1031201
"Fremont, CA",37.5482697,-121.9885719
"Frenchglen, OR",42.8279687,-118.9152153
"Fresno, CA",36.7468422,-119.7725868
"Friday Harbor, WA",48.5342662,-123.0171242
"Frisco, CO",39.5744309,-106.0975203
"Front Royal, VA",38.9181671,-78.1944446
"Ft. Davis, TX",30.588211,-103.894625
"Fulshear, TX",29.6899563,-95.8996757
"Fulton, MD",39.1511692,-76.9230507
"Gainesville, FL",29.6516344,-82.3248262
"Gainesville, VA",38.7956706,-77.6138802
"Gaithersburg, MD",39.1434406,-77.2013705
"Galeton, PA",41.7331245,-77.641931
"Garberville, CA",40.1000828,-123.79492
"Garden City, KS",37.9716898,-100.8726618
"Gardner, KS",38.8108408,-94.9271868
"Garibaldi, OR",45.5598266,-123.9109643
"Garland, TX",32.912624,-96.6388833
"Garner, NC",35.7112642,-78.6141709
"Garnett, KS",38.2805772,-95.2419192
"Geneva, FL",28.7397163,-81.1150616
"Georgetown, TX",30.6326942,-97.6772311
"Girdwood, AK",60.95432469999999,-149.1598983
"Glen Echo, MD",38.9689993,-77.1424791
"Glen Rose, TX",32.2345872,-97.7553061
"Glenallen, AK",62.1097214,-145.557302
"Glendale, WI",43.135288,-87.9356423
"Glenwood, IA",41.0469437,-95.7425056
"Gold River, CA",38.6262937,-121.2466156
"Golden, CO",39.755543,-105.2210997
"Goldfield, NV",37.7084481,-117.2357131
"Goleta, CA",34.4358294,-119.8276389
"Graham, NC",36.0690258,-79.4005756
"Grain Valley, MO",39.0150069,-94.198558
"Granby, CO",40.086097,-105.9394597
"Grand Canyon National Park, AZ",36.3551644,-112.6612088
"Grand Canyon Village, AZ",36.0544445,-112.1401108
"Grand Canyon, Marketplace, GCNP, AZ",34.0489281,-111.0937311
"Grand Coulee, WA",47.9391662,-119.0120921
"Grand Junction, CO",39.0638705,-108.5506486
"Grand Portage, MN",47.963776,-89.6848121
"Grand Prairie, TX",32.7459645,-96.9977846
"Grand Rivers, KY",37.0031109,-88.2344746
"Grand Ronde, OR",45.060113,-123.6092771
"Grand Saline, TX",32.6734636,-95.7094069
"Grandview, MO",38.8858407,-94.5330096
"Granite Bay, CA",38.7632345,-121.1638361
"Granite Falls, WA",48.0839895,-121.968742
"Grapevine, TX",32.9342919,-97.0780654
"Greenfield, CA",36.3207998,-121.2438138
"Greenfield, IN",39.785043,-85.7694226
"Greensboro, NC",36.0726354,-79.7919754
"Greenville, SC",34.8526176,-82.3940104
"Greenville, TX",33.1384488,-96.1108066
"Greenwater, WA",47.1559405,-121.6503772
"Greenwich, CT",41.0262417,-73.6281964
"Greenwood, IN",39.6136578,-86.1066526
"Gresham, OR",45.4981757,-122.4314796
"Gretna, LA",29.9146493,-90.0539603
"Griffin, GA",33.2467807,-84.2640904
"Grove City, OH",39.8814519,-83.0929644
"Groveland, FL",28.5580546,-81.8511889
"Gulf Shores, AL",30.2460361,-87.7008193
"Gunnison, CO",38.5458246,-106.9253207
"Gunnison, UT",39.1552391,-111.8182582
"Gunter, TX",33.4478881,-96.747494
"Guyton, GA",32.3363045,-81.3914992
"Gypsum, CO",39.6469295,-106.9517109
"Hackettstown, NJ",40.8539879,-74.8290555
"Hagatna, GU",13.4762824,144.7502228
"Half Moon Bay, CA",37.4635519,-122.4285862
"Halfway, OR",44.880715,-117.1146173
"Hamilton, NY",42.8270136,-75.5446238
"Hancock, MD",39.6989809,-78.1797293
"Hankinson, ND",46.069681,-96.9017475
"Hanover, VA",37.7665686,-77.3702444
"Harrison, OH",39.2536967,-84.7915999
"Harrisville, UT",41.2813323,-111.9882754
"Harvard, MA",42.5,-71.5833333
"Harwood, MD",38.8653918,-76.619963
"Hattiesburg, MS",31.3271189,-89.2903392
"Hawi, HI",20.2413889,-155.8327778
"Haymarket, VA",38.8120591,-77.6363806
"Hazel Green, WI",42.5327799,-90.4345722
"Healdsburg, CA",38.6104658,-122.8691609
"Heber City, UT",40.5070087,-111.4133234
"Helotes, TX",29.5780056,-98.6897451
"Henderson, NV",36.033669,-115.002364
"Henryetta, OK",35.4398261,-95.9819429
"Heppner, OR",45.3531842,-119.5577997
"Hereford, MD",39.5889939,-76.6633047
"Herington, KS",38.671119,-96.9425139
"Hermann, MO",38.7042119,-91.4373844
"Hermiston, OR",45.8404101,-119.2894605
"Herndon, VA",38.9695545,-77.3860976
"High Point, NC",35.9556923,-80.0053176
"Highland, NY",41.7209267,-73.9601382
"Hilliard, OH",40.0333961,-83.1582451
"Hillsboro, KS",38.3519555,-97.20447229999999
"Hillsboro, OR",45.5228939,-122.989827
"Hillsborough, NC",36.0754183,-79.0997347
"Hillsborough, NJ",40.4775,-74.62722
"Hinckley, MN",46.01451,-92.938386
"Hines, OR",43.5640385,-119.0810482
"Ho-Ho-Kus, NJ",40.99648634,-74.101253
"Hobe Sound, FL",27.059498,-80.1364323
"Hodgen, OK",34.8417683,-94.6313374
"Holbrook, AZ",34.9022482,-110.1581768
"Holland, MI",42.7875235,-86.1089301
"Holt, MI",42.6405912,-84.5152545
"Homer, AK",59.6425,-151.5483333
"Homestead, FL",25.4687224,-80.4775569
"Hood River, OR",45.7053966,-121.5214623
"Hopewell, NJ",40.3333333,-74.8163889
"Hopkinsville, KY",36.8656008,-87.4886186
"Hornell, NY",42.3278477,-77.6611025
"Hot Springs, AR",34.5037004,-93.0551795
"Houston, MS",33.8984461,-88.9992267
"Houston, TX",29.7628844,-95.3830615
"Howe, TX",33.5087196,-96.6122117
"Huntington Beach, CA",33.660297,-117.9992265
"Hurricane, UT",37.1752607,-113.2899484
"Hyattstown, MD",39.282882,-77.3147069
"Hyattsville, MD",38.9559442,-76.9455301
"Ilwaco, WA",46.3089891,-124.0432099
"Imperial Beach, CA",32.5839444,-117.1130849
"Independence, MO",39.0911161,-94.4155068
"Indian Harbour Beach, FL",28.1489021,-80.5883855
"Indianapolis, IN",39.768403,-86.158068
"Indianola, IA",41.3580484,-93.5574376
"Iola, KS",37.9244799,-95.3999814
"Ione, CA",38.3526912,-120.9327177
"Iowa City, IA",41.6611277,-91.5301683
"Irondale, AL",33.5381601,-86.7072102
"Irvine, CA",33.6839473,-117.7946942
"Issaquah, WA",47.5301011,-122.0326191
"Italy, TX",32.1840381,-96.8847194
"Ithaca, NY",42.4439614,-76.5018807
"Jackson, MN",43.6207915,-94.9886022
"Jackson, WY",43.4799291,-110.7624282
"Jacksonville, FL",30.3321838,-81.655651
"Jamul, CA",32.7169988,-116.8761347
"Jarrell, TX",30.8249094,-97.604454
"Jefferson City, MO",38.5767017,-92.1735164
"Jersey City, NJ",40.7281575,-74.0776417
"Jersey Shore, PA",41.2020171,-77.2644152
"John Day, OR",44.4159883,-118.95301
"Joplin, MO",37.0842271,-94.513281
"Joshua Tree, CA",34.134728,-116.3130661
"Jupiter, FL",26.9342246,-80.0942087
"Justin, TX",33.0848442,-97.2961286
"Kailua Kona, HI",19.639994,-155.9969261
"Kailua-Kona, HI",19.6405556,-155.9955556
"Kalamazoo, MI",42.2917069,-85.5872286
"Kamas, UT",40.643007,-111.2807384
"Kanab, UT",37.0474855,-112.5263145
"Kansas City, KS",39.1066667,-94.6763889
"Kansas City, MO",39.0997265,-94.5785667
"Katy, TX",29.7857853,-95.8243956
"Kawaihea, HI",20.04421,-155.827393
"Kealakekua, HI",19.5208333,-155.9225
"Keller, TX",32.9341893,-97.229298
"Kellogg, ID",47.5382565,-116.1193327
"Kennewick, WA",46.2112458,-119.1372338
"Kent, WA",47.3809335,-122.2348431
"Ketchum, ID",43.6807402,-114.3636619
"Key West, FL",24.5557025,-81.7825914
"Kihei, HI",20.7591667,-156.4572222
"Killingworth, CT",41.3581869,-72.5645602
"Kimball Junction, UT",40.728947,-111.546646
"King City, CA",36.2127439,-121.1260287
"King George, VA",38.2664512,-77.1807842
"Kingman, AZ",35.189443,-114.0530065
"Kingston, NY",41.9270367,-73.9973608
"Kingston, WA",47.7987072,-122.4981921
"Kirkland, WA",47.6814875,-122.2087353
"Kirkwood, CA",38.7026857,-120.0726855
"Klamath Falls, OR",42.224867,-121.7816704
"Knoxville, TN",35.9606384,-83.9207392
"Koloa, Kauai, HI",21.9066667,-159.4691667
"Kosciusko, MS",33.0576295,-89.5875764
"Kremmling, CO",40.0588744,-106.3889199
"Kuna, ID",43.4918307,-116.4201223
"La Costa, CA",33.09111,-117.26528
"La Grande, OR",45.3245771,-118.0877188
"La Jolla, CA",32.8406775,-117.2587935
"La Junta, CO",37.9850091,-103.5438321
"La Plata, MD",38.5292877,-76.9752514
"La Verkin, UT",37.2051385,-113.2721584
"La Veta, CO",37.5050118,-105.0077747
"Lacey, WA",47.0342629,-122.8231915
"Lafayette, CA",37.8857582,-122.1180201
"Lafayette, CO",39.9935959,-105.0897058
"Lake Forest Park, WA",47.7567644,-122.2809602
"Lake Henshaw, CA",33.2363016,-116.7466984
"Lakeport, CA",39.0429506,-122.9158293
"Lancaster, CA",34.6867846,-118.1541632
"Lancaster, PA",40.0378755,-76.3055144
"Largo, FL",27.9094665,-82.7873244
"Las Vegas, NV",36.114646,-115.172816
"Laurel, MD",39.0992752,-76.8483061
"Lawrence, KS",38.9716689,-95.2352501
"Lawrenceville, NJ",40.3016375,-74.7361013
"Lawton, OK",34.6035669,-98.39592909999999
"Laytonsville, MD",39.2120504,-77.1427587
"Leadville, CO",39.2508229,-106.2925238
"Leavenworth, WA",47.5962326,-120.6614765
"Leawood, KS",38.966673,-94.6169012
"Lebanon Church, VA",39.0551071,-78.3680608
"Lebanon, OH",39.4353373,-84.2029922
"Leeds, AL",33.5481597,-86.5444288
"Leesburg, VA",39.1156615,-77.5636015
"Lehi, UT",40.3916172,-111.8507662
"Leiper's Fork, TN",35.8955544,-86.9978788
"Levan, UT",39.5585686,-111.8618734
"Lewisburg, PA",40.9645293,-76.8844101
"Lewisville, NC",36.0970819,-80.4192216
"Lexington Park, MD",38.2600399,-76.456787
"Lexington, KY",38.0405837,-84.5037164
"Lexington, MA",42.4430372,-71.2289641
"Lexington, TN",35.6509029,-88.3933796
"Lexington, VA",37.7840208,-79.4428157
"Liberty  Township, OH",39.4039859,-84.406761
"Liberty, MO",39.2461138,-94.4191177
"Lighthouse Point, FL",26.275636,-80.0872654
"Limerick, PA",40.2309343,-75.5221245
"Lincoln City, OR",44.9581644,-124.0178914
"Lincoln, NE",40.806862,-96.681679
"Linden, TX",33.0123537,-94.3654707
"Little Egg Harbor, NJ",39.6108492,-74.3572646
"Little Rock, AR",34.7464809,-92.2895948
"Littleton, NC",36.4345934,-77.9119317
"Lockhart, TX",29.8849441,-97.67
"Loma, CO",39.1958139,-108.813158
"Lombard, IL",41.8800296,-88.00784349999999
"London, OH",39.8864493,-83.4482529
"Lone Pine, CA",36.6060444,-118.0628654
"Longmont, CO",40.1672068,-105.1019275
"Longview, TX",32.5007037,-94.7404891
"Longwood, FL",28.7030519,-81.3384011
"Los Altos, CA",37.3852183,-122.1141298
"Los Angeles, CA",34.0522342,-118.2436849
"Los Gatos, CA",37.226611,-121.9746797
"Louisville, CO",39.977763,-105.1319296
"Louisville, KY",38.2526647,-85.7584557
"Loveland, OH",39.2689476,-84.263826
"Lovettsvile, VA",39.2726017,-77.636657
"Ludlow, VT",43.3959056,-72.7006518
"Lumberton, NC",34.6182199,-79.0086424
"Lutz, FL",28.1511243,-82.4614831
"Lyle, WA",45.695954,-121.2861833
"Lynchburg, VA",37.4137536,-79.1422464
"Lyons, PA",40.4820386,-75.757694
"Madison, WI",43.0730517,-89.4012302
"Madras, OR",44.6334544,-121.1294872
"Maitland, FL",28.6277767,-81.3631244
"Malibu, CA",34.0050079,-118.8100893
"Maltby, WA",47.8050984,-122.1131816
"Mammoth Lakes, CA",37.648546,-118.972079
"Manassas, VA",38.7509488,-77.4752667
"Manchester, TN",35.4817431,-86.0885993
"Mandeville, LA",30.3582506,-90.0656311
"Manhattan, KS",39.1836082,-96.5716694
"Manheim, PA",40.1634279,-76.3949614
"Manley Hot Springs, AK",65.0011111,-150.6338889
"Mansfield, TX",32.5631924,-97.1416768
"Manson, WA",47.8848573,-120.1584115
"Manteo, NC",35.9082256,-75.6757302
"Marana, AZ",32.436381,-111.2224422
"Marathon, TX",30.2051688,-103.2446205
"Marble Falls, TX",30.5782446,-98.2728003
"Marblemount, WA",48.527619,-121.4495729
"Marina, CA",36.6844029,-121.802173
"Marion, IL",37.7306054,-88.9331256
"Mars Hill, NC",35.8264981,-82.5492999
"Marshall, NC",35.7973284,-82.6840251
"Marshall, VA",38.8648353,-77.8577726
"Marshhall, VA",38.8648561,-77.8577673
"Martinez, CA",38.0193657,-122.1341321
"Mason, OH",39.3600586,-84.309939
"Matawan, NJ",40.41483,-74.2295891
"Matthews, NC",35.1168131,-80.7236804
"Maupin, OR",45.1751205,-121.0814491
"Maxville, FL",30.1988511,-82.0091241
"Mazama, WA",48.59375,-120.398499
"McCarthy, AK",61.4333333,-142.9216667
"McDonough, GA",33.4473361,-84.1468616
"McKinney, TX",33.1972465,-96.6397822
"Melbourne, FL",28.0836269,-80.6081089
"Memphis, TN",35.1495343,-90.0489801
"Menlo Park, CA",37.4538274,-122.1821871
"Mercer  Island, WA",47.5706548,-122.2220673
"Mercer Island, WA",47.5706548,-122.2220673
"Meridian, MS",32.3643098,-88.703656
"Mertzon, TX",31.2618316,-100.8173263
"Mesa, AZ",33.4222685,-111.8226402
"Miami, FL",25.7889689,-80.2264393
"Miami, OK",36.8745146,-94.8774554
"Miccosukee Indian Reservation, FL",26.1504374,-80.8322428
"Miccosukee, FL",30.5946435,-84.041281
"Middlebury, VT",44.0153371,-73.16734
"Middleton, WI",43.0972174,-89.5042876
"Middletown, MD",39.4437123,-77.5447102
"Middletown, VA",39.0276078,-78.280558
"Midland, TX",31.9973456,-102.0779146
"Midlothian, TX",32.482361,-96.9944489
"Milford, NJ",40.5687128,-75.0946169
"Milford, OH",39.1753377,-84.2943821
"Mill Creek, WA",47.8600971,-122.2042966
"Mill Valley, CA",37.9060368,-122.5449763
"Millbrae, CA",37.5985468,-122.3871942
"Miller, MO",37.2147751,-93.8399313
"Millerton, NY",41.9537035,-73.5106791
"Millville, NJ",39.4020596,-75.0393438
"Milton, FL",30.6324149,-87.0396881
"Mineral Wells, TX",32.8084605,-98.1128223
"Minneapolis, MN",44.983334,-93.26667
"Minneola, FL",28.5744441,-81.7461873
"Mint Spring, VA",38.0745774,-79.1008624
"Mission Bay, CA",37.7668389,-122.3908167
"Missoula, MT",46.8605189,-114.019501
"Moab, UT",38.5733155,-109.5498395
"Moline, KS",37.3603149,-96.3038876
"Monahans, TX",31.5942991,-102.8926536
"Monroe, WA",47.8553772,-121.9709579
"Montauk, NY",41.0359353,-71.9545146
"Montavilla, Portland, OR",45.5195155,-122.5790559
"Montecito, CA",34.4366626,-119.6320753
"Monterey, CA",36.6002378,-121.8946761
"Monterey, VA",38.4123429,-79.5806036
"Montgomery Township, NJ",40.4329141,-74.663464
"Moody, AL",33.5909365,-86.4908168
"Moorpark, CA",34.285558,-118.8820414
"Moose Lake, MN",46.4513889,-92.7666667
"Morgan, UT",41.036056,-111.6768769
"Morgantown, PA",40.1552847,-75.8899408
"Moroni, UT",39.5249615,-111.5904725
"Morrison, CO",39.6535988,-105.1910996
"Morristown, NJ",40.7967667,-74.4815438
"Morrisville, NC",35.823483,-78.8255621
"Morrisville, PA",40.2114977,-74.7879399
"Morro Bay, CA",35.3659445,-120.8499924
"Morton, WA",46.5584421,-122.2751046
"Moses Lake, WA",47.1301417,-119.2780771
"Mount Airy, MD",39.3762145,-77.154704
"Mount Dora, FL",28.8024918,-81.644519
"Mount Penn, PA",40.3281484,-75.8907603
"Mount Pleasant, UT",39.5469073,-111.4554659
"Mount Vernon, WA",48.421216,-122.3340474
"Mountain Home, AR",36.3353449,-92.3851593
"Mt. Airy, MD",39.3762145,-77.154704
"Mt. Carmel, IL",38.4108801,-87.7614174
"Mt. Dora, FL",28.8024918,-81.644519
"Mt. Pleasant, UT",39.5469073,-111.4554659
"Mt. Shasta, CA",41.3098746,-122.3105666
"Mt. Sterling, IL",39.9872707,-90.763463
"Mt. Vernon, IL",38.3172714,-88.9031201
"Mt. Vernon, MO",37.1036665,-93.8185401
"Mt. Vernon, WA",48.421216,-122.3340474
"Mukilteo, WA",47.9445396,-122.3045815
"Mullica Hill, NJ",39.7392804,-75.2240718
"Munising, MI",46.4110574,-86.6479361
"Murphy, NC",35.0875836,-84.0346315
"Murray, KY",36.6103334,-88.314761
"Myersville, MD",39.5051006,-77.5663773
"Myrtle Beach, SC",33.6890603,-78.8866943
"N. Flagstaff, AZ",35.1982836,-111.651302
"Nags Head, NC",35.9573922,-75.6240619
"Napa, CA",38.3047222,-122.2988889
"Naperville, IL",41.7858629,-88.1472893
"Naples, FL",26.1420358,-81.7948103
"Nashua, NH",42.7653662,-71.46756599999999
"Nashville, NC",35.974598,-77.9655406
"Nashville, TN",36.1658899,-86.7844432
"Natchez, MS",31.5604442,-91.403171
"Nauvoo, IL",40.550042,-91.3848749
"Navarre, FL",30.4109342,-86.91232169999999
"Nebraska City, NE",40.6765745,-95.8593616
"Nehalem, OR",45.7201074,-123.8940225
"Nellysford, VA",37.888687,-78.872879
"Nelson, WI",44.4202448,-92.0082223
"Nephi, UT",39.7102336,-111.8363216
"Netarts, OR",45.4348252,-123.9459611
"New Brunswick, NJ",40.4862157,-74.4518188
"New Egypt, NJ",40.0676135,-74.5307093
"New Haven, CT",41.308274,-72.9278835
"New Orleans, LA",29.9647222,-90.0705556
"New Paltz, NY",41.7475933,-74.0868095
"New Richmond, WI",45.1230213,-92.5365865
"New Smyrna Beach, FL",29.0258191,-80.9269984
"New Waverly, TX",30.5377007,-95.483276
"New York, NY",40.7127837,-74.0059413
"Newark, DE",39.6837226,-75.7496572
"Newberg, OR",45.3001178,-122.9731565
"Newburyport, MA",42.8125913,-70.8772751
"Newcastle, WA",47.5389889,-122.1556769
"Newport Beach, CA",33.6189101,-117.9289469
"Newport, OR",44.6367836,-124.0534505
"Newton, MA",42.3370413,-71.2092214
"Nichols, IA",41.4811351,-91.3076576
"Niwot, CO",40.103874,-105.1708193
"Nokesville, VA",38.698729,-77.5797119
"Norfolk, NE",42.0327234,-97.4137553
"Norman, OK",35.2225668,-97.4394777
"North Augusta, SC",33.5018026,-81.9651152
"North Bend, WA",47.4956579,-121.7867775
"North Park, PA",40.1959794,-79.8597192
"North Plains, OR",45.5970596,-122.9934389
"North Salt Lake, UT",40.8485564,-111.9068824
"North Stonington, CT",41.4694444,-71.8713889
"North Wilkesboro, NC",36.1584651,-81.1475841
"Northlake, TX",33.1273432,-97.2655726
"Norwich, VT",43.7153482,-72.307869
"Novato, CA",38.1074198,-122.5697032
"O'Neil, NE",42.4576723,-98.6478882
"O'Neill, NE",42.4576723,-98.6478882
"Oak Grove, KY",36.6650471,-87.4427878
"Oak Grove, MO",39.0050073,-94.1293909
"Oak Harbor, WA",48.2931559,-122.6432245
"Oakhurst, CA",37.3279997,-119.6493154
"Oakland, CA",37.8043637,-122.2711137
"Oakland, FL",28.555001,-81.6331299
"Oakley, KS",39.133341,-100.8637593
"Oakville, WA",46.8403765,-123.2323686
"Ocean Beach, CA",32.74444,-117.251958
"Ocean City, MD",38.3365032,-75.0849058
"Ocean Grove, NJ",40.2120575,-74.0065258
"Oceanside, CA",33.1958696,-117.3794834
"Ocotillo, CA",32.7386713,-115.99418
"Odessa, TX",31.8456816,-102.3676431
"Okemah, OK",35.4325854,-96.3050064
"Okemos, MI",42.722257,-84.4274744
"Oklahoma City, OK",35.4675602,-97.5164276
"Olathe, KS",38.8813958,-94.8191285
"Old Faithful, Yellowstone National Park, WY",44.4604788,-110.8281376
"Old Sacramento, CA",38.5734401,-121.5105925
"Olney, IL",38.7308811,-88.0853154
"Olney, MD",39.1531627,-77.066923
"Olympia, WA",47.0378741,-122.9006951
"Omaha, NE",41.254006,-95.999258
"Onawa, IA",42.0275,-96.0963889
"Ontario, NY",43.2208968,-77.2830421
"Ontario, OR",44.0265525,-116.9629378
"Opelika, AL",32.6454116,-85.3782795
"Oracle, AZ",32.6109054,-110.7709348
"Orange, TX",30.0929879,-93.7365549
"Orange, VA",38.2454106,-78.1108342
"Orcas, WA",48.5978797,-122.9446258
"Oregon, IL",42.0147513,-89.3323279
"Orinda, CA",37.8771476,-122.1796888
"Orlando, FL",28.5383355,-81.3792365
"Ormond Beach, FL",29.2858129,-81.0558894
"Osawatomie, KS",38.4972372,-94.9505207
"Othello, WA",46.8259742,-119.1752913
"Ottawa, KS",38.6155668,-95.2677515
"Owensville, MO",38.3456023,-91.5015487
"Pacific City, OR",45.2023263,-123.9628946
"Pacific Grove, CA",36.6177374,-121.9166215
"Pacifica, CA",37.6138253,-122.4869194
"Packwood, WA",46.59454,-121.670998
"Painted Post, NY",42.1620186,-77.0941366
"Palm Springs, CA",33.8302961,-116.5452921
"Palmdale, CA",34.5794343,-118.1164613
"Palmer, AK",61.5997222,-149.1127778
"Palo Alto, CA",37.4418834,-122.1430195
"Pana, IL",39.3889311,-89.0800809
"Panguitch, UT",37.8227551,-112.4357638
"Paola, KS",38.5722353,-94.8791294
"Paonia, CO",38.8683204,-107.5920017
"Paradise, WA",46.78622,-121.7353718
"Paris, TX",33.6609389,-95.555513
"Parkrose, Portland, OR",45.559722,-122.559167
"Pasadena, CA",34.1477849,-118.1445155
"Pasco, WA",46.2395793,-119.1005657
"Pasquo, TN",36.03262,-86.974808
"Pattonsburg, MO",40.07278,-94.1048254
"Pauma Valley, CA",33.30333,-116.98056
"Payson, AZ",34.2308684,-111.3251355
"Pearisburg, VA",37.3265112,-80.7350711
"Peculiar, MO",38.7191764,-94.4585625
"Pella, IA",41.4080327,-92.916405
"Pensacola, FL",30.42130899999999,-87.2169149
"Peoria, IL",40.6936488,-89.5889864
"Petaluma, CA",38.232417,-122.6366524
"Petersburg, VA",37.2279279,-77.4019267
"Philadelphia, PA",39.952335,-75.163789
"Phillipsburg, NJ",40.6937099,-75.1901761
"Phoenix, AZ",33.4483771,-112.0740373
"Pickerington, OH",39.8842304,-82.7535049
"Piedmont, AL",33.9245454,-85.6113501
"Piedmont, SC",34.7023389,-82.4645714
"Piercetown, SC",34.6567789,-82.5926324
"Pierre, SD",44.3683156,-100.3509665
"Pilot Point, TX",33.396503,-96.9605608
"Pine River, MN",46.7180163,-94.4041625
"Pine Valley, CA",32.8214402,-116.5291841
"Pineville, LA",31.3224044,-92.4343035
"Pinnacles National Park, CA",36.4905655,-121.1824925
"Pitman, NJ",39.732892,-75.1315651
"Pittsburgh, PA",40.4406248,-79.9958864
"Plain City, OH",40.1075615,-83.2674165
"Plains, MT",47.4602135,-114.8829119
"Plano, TX",33.0198431,-96.6988856
"Plantation, FL",26.1275862,-80.2331036
"Platte City, MO",39.3702773,-94.7824609
"Pleasant Hill, CA",37.9479786,-122.0607963
"Pleasanton, CA",37.6624312,-121.8746789
"Plummer, ID",47.3351803,-116.8885094
"Plymouth, NH",43.7570196,-71.6881528
"Point of Rocks, MD",39.2758979,-77.5391815
"Pompano Beach, FL",26.2378597,-80.1247667
"Pontiac, IL",40.8808666,-88.6297839
"Poolesville, MD",39.1459392,-77.4169311
"Port Angeles, WA",48.118146,-123.4307413
"Port Isabel, TX",26.0734119,-97.2085844
"Port Jervis, NY",41.3750937,-74.692663
"Port Orchard, WA",47.5403732,-122.6362492
"Port Townsend, WA",48.1170387,-122.7604472
"Portage, MI",42.2011538,-85.5800022
"Portland, OR",45.5234515,-122.6762071
"Pottsboro, TX",33.759271,-96.6694402
"Poughkeepsie, NY",41.7003713,-73.9209701
"Poway, CA",32.9628232,-117.0358646
"Powder Springs, GA",33.8595491,-84.683824
"Prentiss, MS",31.5985012,-89.8670229
"Prescott Valley, AZ",34.6100243,-112.315721
"Princeton Junction, NJ",40.3173301,-74.6198791
"Princeton, NJ",40.3572976,-74.6672226
"Princeton, TX",33.1801161,-96.4980424
"Prosper, TX",33.2362278,-96.80111
"Pt. Orchard, WA",47.5403732,-122.6362492
"Pullman, WA",46.7312745,-117.1796158
"Purcellville, VA",39.1367717,-77.7147153
"Putney, VT",42.975268,-72.5217237
"Queen Anne, MD",38.9209467,-75.9552162
"Queen Creek, AZ",33.2486638,-111.6342993
"Quincy, FL",30.5871392,-84.5832453
"Raleigh, NC",35.772096,-78.6386145
"Ramona, CA",33.0417111,-116.868082
"Rancho Cucamonga, CA",34.1063989,-117.5931084
"Rancocas, NJ",40.0106674,-74.866832
"Raton, NM",36.9033581,-104.4391532
"Raymond, WA",46.6864887,-123.7329385
"Reading, PA",40.3356483,-75.9268747
"Red Lodge, MT",45.1857782,-109.2468211
"Redding, CA",40.5865396,-122.3916754
"Redmond, WA",47.6739881,-122.121512
"Reedsport, OR",43.7023389,-124.0967779
"Rehoboth Beach, DE",38.7209454,-75.0760137
"Renton, WA",47.4828776,-122.2170661
"Republic, WA",48.6482183,-118.7378067
"Rhineland, MO",38.7175443,-91.517388
"Richardson, TX",32.9481789,-96.7297205
"Richfield, UT",38.7724673,-112.0840943
"Richland Center, WI",43.3347053,-90.3867928
"Richland, WA",46.2856907,-119.2844621
"Richmond, VA",37.5407246,-77.4360481
"Ridgeland, MS",32.4284761,-90.1323087
"Rimrock Lake, WA",46.6413466,-121.1663016
"Rio Hondo, TX",26.2353516,-97.5819319
"River Ridge, LA",29.9602043,-90.2156316
"Riverdale, UT",41.1768888,-112.0038311
"Robinson, TX",31.4676687,-97.1147225
"Roche Harbor, WA",48.6098217,-123.1487983
"Rochelle, IL",41.9239178,-89.0687073
"Rochester, MN",44.0121221,-92.4801989
"Rock Creek, OR",44.9141667,-118.0358333
"Rockland, ME",44.1036914,-69.1089293
"Rocklin, CA",38.7907339,-121.2357828
"Rockville, MD",39.0839973,-77.1527578
"Rockwall, TX",32.9312336,-96.4597089
"Rodeo, CA",38.032977,-122.2669138
"Rome, GA",34.257038,-85.1646726
"Ronkonkoma, NY",40.803456,-73.1248729
"Roseburg, OR",43.216505,-123.3417381
"Rosemount, MN",44.7394103,-93.1257723
"Rosendale, NY",41.8439818,-74.0820865
"Roswell, NM",33.3942655,-104.5230242
"Rouses Point, NY",44.9939279,-73.3648557
"Runnemede, NJ",39.8523358,-75.0679497
"Ruxton, MD",39.4001064,-76.6446921
"S. Flagstaff, AZ",35.1982836,-111.651302
"Sacramento, CA",38.5815719,-121.4943996
"Safford, AZ",32.8339546,-109.70758
"Saginaw, TX",32.8601275,-97.3639068
"Saint George, UT",37.0952778,-113.5780556
"Saint Joseph, MO",39.7577778,-94.8363889
"Saint Paul, MN",44.95370293,-93.0899578
"Saipan, MP",15.1515153,145.7297891
"Salado, TX",30.9471278,-97.5386204
"Salem, OR",44.9428975,-123.0350963
"Salinas, CA",36.6777372,-121.6555013
"Salisbury, MD",38.3606736,-75.5993692
"Salt Lake City, UT",40.7607793,-111.8910474
"San Angelo, TX",31.4637723,-100.4370375
"San Antonio, FL",28.3361142,-82.2745307
"San Benito, TX",26.132576,-97.6311006
"San Bernardino, CA",34.1083449,-117.2897652
"San Bruno, CA",37.6304904,-122.4110835
"San Diego, CA",32.7153292,-117.1572551
"San Francisco, CA",37.7749295,-122.4194155
"San Jose, CA",37.3393857,-121.8949555
"San Juan Bautista, CA",36.8455108,-121.5379974
"San Juan Capistrano, CA",33.5016932,-117.6625509
"San Juan, PR",18.4655394,-66.1057355
"San Leandro, CA",37.7249296,-122.1560768
"San Luis Obispo, CA",35.2827524,-120.6596156
"San Marcos, CA",33.1433723,-117.1661449
"San Mateo, CA",37.5629917,-122.3255254
"San Miguel, CA",32.715738,-117.1610838
"San Rafael, CA",37.9735346,-122.5310874
"Sandy Springs, GA",33.9242688,-84.3785379
"Sanger, TX",33.3631705,-97.1739027
"Santa Barbara, CA",34.4208305,-119.6981901
"Santa Cruz, CA",36.9741171,-122.0307963
"Santa Fe, NM",35.6869752,-105.937799
"Santa Fe, TN",35.735069,-87.1280626
"Santa Rosa, CA",38.4404674,-122.7144314
"Santaquin, UT",39.9755101,-111.7852106
"Saratoga Springs, UT",40.3301898,-111.9044877
"Saratoga, CA",37.2638324,-122.0230146
"Saratoga, WY",41.4549621,-106.8064263
"Satellite Beach, FL",28.1761233,-80.5900519
"Sault Sainte Marie, MI",46.4143194,-84.2913075
"Sault Ste. Marie, MI",46.4952996,-84.3453169
"Sausalito, CA",37.8590937,-122.4852507
"Scappoose, OR",45.7542809,-122.8776039
"Scio, NY",42.1714573,-77.9786147
"Scotts Valley, CA",37.0510595,-122.0146841
"Scottsdale, AZ",33.4941704,-111.9260519
"Scottsville, VA",37.798754,-78.4955648
"Seal Beach, CA",33.7414064,-118.1047866
"Sealy, TX",29.7807878,-96.1571833
"Seaside, OR",45.9931636,-123.9226385
"Seattle, WA",47.6062095,-122.3320708
"Sebastopol, CA",38.4021359,-122.8238806
"Sedona, AZ",34.8697395,-111.7609896
"Sedro Woolley, WA",48.50389,-122.23611
"Seguin, TX",29.5688411,-97.9647269
"Severna Park, MD",39.070388,-76.5452409
"Seward, AK",60.1041667,-149.4422222
"Shawnee, KS",39.0416718,-94.7202376
"Shepherdstown, WV",39.4300996,-77.8041609
"Sherman, TX",33.6356618,-96.6088805
"Sherwood, OR",45.3565074,-122.840098
"Show Low, AZ",34.2542084,-110.0298327
"Shwanee, KS",39.0228485,-94.7151865
"Sierra Madre, CA",34.1616729,-118.0528456
"Siler City, NC",35.7234734,-79.4622431
"Silver Bay, MN",47.2943647,-91.257386
"Silver Lake, WA",46.295656,-122.7832975
"Silver Spring, MD",38.9906657,-77.026088
"Sioux Falls, SD",43.5499749,-96.700327
"Sisseton, SD",45.6646815,-97.0498046
"Skidaway Island, GA",31.9349381,-81.0470536
"Slater, IA",41.879021,-93.686974
"Smyrna, GA",33.8839926,-84.5143761
"Snellville, GA",33.857328,-84.0199108
"Snohoish, WA",47.9128756,-122.0981848
"Snohomish, WA",47.9128756,-122.0981848
"Solana Beach, CA",32.991155,-117.2711481
"Somerville, TX",30.3460432,-96.5283022
"Sonora, CA",37.9829496,-120.3821724
"South Lake Tahoe, CA",38.933241,-119.9843482
"South St. Paul, MN",44.8759802,-93.0275802
"Southport, NC",33.921563,-78.0202677
"Southworth, WA",47.5120421,-122.5017972
"Sparta, MO",37.0011646,-93.0815678
"Spencer, NE",42.8738877,-98.7014753
"Sperryville, VA",38.657065,-78.2261122
"Spokane, WA",47.6587802,-117.4260466
"Spooner, WI",45.8224475,-91.8893431
"Spray, OR",44.8343064,-119.7944489
"Spring Arbor, MI",42.2263911,-84.5172428
"Springfield, IL",39.7817213,-89.6501481
"Springfield, MO",37.215326,-93.2982436
"Springville, UT",40.1652335,-111.6107526
"St. Albans, VT",44.8107132,-73.0835582
"St. Augustine Beach, FL",29.842092,-81.271067
"St. Charles, MO",38.7833333,-90.5166667
"St. Jo, TX",33.6947222,-97.5236111
"St. Johns, Portland, OR",45.59028,-122.75333
"St. Joseph, MO",39.7577778,-94.8363889
"St. Louis Park, MN",44.9483333,-93.3480556
"St. Paul, MN",44.9541667,-93.1138889
"St. Petersburg, FL",27.7730556,-82.64
"Stamford, CT",41.0534302,-73.5387341
"Stanford, CA",37.424106,-122.1660756
"Stanley, ID",44.2166667,-114.9377778
"Start City, Start State",40.7027484,-74.0142245
"State College, PA",40.7933949,-77.8600012
"Staunton, VA",38.149576,-79.0716958
"Steamboat Springs, CO",40.4849769,-106.8317158
"Sterling City, TX",31.8362502,-100.9848324
"Stevens Point, WI",44.5235792,-89.574563
"Stevenson, WA",45.6956723,-121.8845241
"Stevensville, MD",38.9806679,-76.3143999
"Stillwater, MN",45.0565,-92.822175
"Stillwater, OK",36.1156071,-97.0583681
"Stilwell, KS",38.7691755,-94.6563454
"Stockbridge, GA",33.5442781,-84.2338093
"Stonington, CT",41.3358915,-71.9058854
"Stonington, ME",44.156192,-68.6666926
"Stony Creek, VA",36.9479277,-77.4008113
"Story City, IA",42.1863889,-93.5919444
"Strafford, MO",37.2683802,-93.1171264
"Strasburg, VA",38.9887199,-78.358616
"Subiaco, AR",35.2928653,-93.6346359
"Suffolk, VA",36.7282054,-76.5835621
"Sugar Land, TX",29.6196787,-95.6349463
"Summerland, CA",34.4213845,-119.5965173
"Sumner, WA",47.2031566,-122.2403966
"Sunnyside, WA",46.3237423,-120.0086538
"Sunnyvale, CA",37.36883,-122.0363496
"Sunriver, OR",43.8840067,-121.4386404
"Sunset Beach, NC",33.880728,-78.512231
"Sunsites, AZ",31.9416017,-109.8323822
"Superior, AZ",33.293945,-111.0962305
"Superior, CO",39.9527634,-105.1685977
"Swan Quarter, NC",35.4062391,-76.3289376
"Sylmar, CA",34.3058279,-118.4571974
"Tacoma, WA",47.2528768,-122.4442906
"Tahoe City, CA",39.15027779,-120.1497222
"Talihina, OK",34.7514893,-95.0480162
"Talladega, AL",33.4359416,-86.1058048
"Tallahassee, FL",30.4382559,-84.2807329
"Tampa, FL",27.949436,-82.4651441
"Tavares, FL",28.8041579,-81.725632
"Taylor's Falls, MN",45.4019062,-92.6524292
"Taylorvile, IL",39.548935,-89.294533
"Taylorville, IL",39.548935,-89.294533
"Teec Noc Pos, AZ",36.9211097,-109.0856582
"Tellico Plains, TN",35.362855,-84.294087
"Tempe, AZ",33.414768,-111.9093095
"Temple, TX",31.0982344,-97.342782
"Texarkana, AR",33.4417915,-94.0376881
"The Dalles, OR",45.5945645,-121.1786823
"The Woodlands, TX",30.1579935,-95.4893845
"Thomaston, GA",32.8881879,-84.3265854
"Thornport, OH",39.9109,-82.40892
"Three Forks, MT",45.892428,-111.5521925
"Thurmont, MD",39.6237094,-77.4108201
"Tigard, OR",45.4312294,-122.7714861
"Tillamook, OR",45.4562158,-123.8440137
"Toano, VA",37.3798686,-76.8041276
"Todd Mission, TX",30.2615994,-95.8302284
"Toms River, NJ",39.9537358,-74.1979458
"Topaz Lake, NV",38.6748077,-119.5397706
"Topeka, KS",39.0558235,-95.6890185
"Toyahvale, TX",30.9443129,-103.7893488
"Tracy, CA",37.73965138,-121.4252227
"Tribune, KS",38.4697378,-101.7526723
"Trinidad, CO",37.1694632,-104.5005407
"Troutdale, OR",45.5392862,-122.3873133
"Troy, TX",31.2068421,-97.3027824
"Truro, MA",41.99477,-70.0490107
"Tucson, AZ",32.2217429,-110.926479
"Tully, NY",42.7981229,-76.1093695
"Tumwater, WA",47.0073187,-122.9093063
"Turnersville, NJ",39.7728846,-75.0518583
"Tuscumbia, AL",34.7312005,-87.70253
"Twentynine Palms, CA",34.1355582,-116.0541689
"Two Harbors, MN",47.0227111,-91.6707322
"Tybee Island, GA",32.0002152,-80.845666
"Ukiah, CA",39.1501709,-123.2077831
"Union City, MI",42.0667135,-85.1360882
"Uniontown, OH",40.9750568,-81.4081673
"Upper Marlboro, MD",38.8159473,-76.7496909
"Urbana, MD",39.3259366,-77.3513738
"Vail, CO",39.6402638,-106.3741955
"Valdez, AK",61.1308333,-146.3483333
"Valentine, NE",42.8727833,-100.5509669
"Valley Center, CA",33.2183701,-117.0341967
"Valley Springs, CA",38.1915856,-120.8291033
"Valley View (17983), PA",40.6459202,-76.5391275
"Van Alstyne, TX",33.4214995,-96.5772109
"Ventura, CA",34.2659,-119.258366
"Venus, TX",32.4334742,-97.1025077
"Vernonia, OR",45.8587228,-123.1928926
"Vicksburg, MI",42.1200456,-85.532775
"Vienna, VA",38.9012225,-77.2652604
"Vineland, NJ",39.4863773,-75.0259637
"Virginia Beach, VA",36.8529263,-75.977985
"Vista, CA",33.2000368,-117.2425355
"W Fort Island, FL",28.9102554,-82.6923258
"W. Sedona, AZ",34.8697395,-111.7609896
"Waco, TX",31.549333,-97.1466695
"Wahpeton, ND",46.2652367,-96.6059072
"Waikiki, HI",21.285002,-157.835698
"Waimea, HI",20.0230556,-155.6716667
"Waitsfield, VT",44.1888889,-72.8125
"Wake Forest, NC",35.9798734,-78.5097228
"Wakefield, VA",36.9682064,-76.989683
"Walden, CO",40.7316433,-106.2836373
"Waller, TX",30.0566085,-95.9268986
"Wallops Island, VA",37.9106188,-75.452572
"Walnut Creek, CA",37.9063131,-122.064963
"Walsenburg, CO",37.6241793,-104.7802645
"Wardensville, WV",39.0751067,-78.5977903
"Warfordsburg, PA",39.7517573,-78.1875081
"Warrenton, VA",38.7134516,-77.7952712
"Washington, DC",38.8951118,-77.0363658
"Washington, UT",37.1305373,-113.5082867
"Washington, VA",38.7134519,-78.1594439
"Wasilla, AK",61.5813889,-149.4394444
"Water Valley, TX",31.6676509,-100.7170481
"Waterloo, IA",42.4927641,-92.3429631
"Waterloo, NE",41.2866657,-96.2850241
"Watertown, SD",44.8994088,-97.1150732
"Waterville, ME",44.5520105,-69.6317121
"Waurika, OK",34.1670371,-97.997536
"Wawa, ON",47.992392,-84.771007
"Waxahachie, TX",32.3865312,-96.8483311
"Weatherford, TX",32.7592955,-97.7972544
"Weeki Wachee, FL",28.5155513,-82.5728769
"Wellsville, NY",42.1220124,-77.9480575
"Wenatchee, WA",47.4234599,-120.3103494
"West Babylon, NY",40.718155,-73.354287
"West Glacier, MT",48.4999666,-113.978729
"West Greenwich, RI",41.6285498,-71.6638132
"West Homestead, PA",40.3939581,-79.9119946
"West Lawn, PA",40.3298147,-75.994381
"West Lebanon, NH",43.6446508,-72.3106065
"West Medford, MA",42.4249311,-71.1359393
"West Point, VA",37.5315335,-76.7963504
"West Yellowstone, MT",44.6621493,-111.1041092
"Westerville, OH",40.1261743,-82.9290695
"Westfield, MA",42.1250929,-72.749538
"Westford, MA",42.5792583,-71.4378411
"Weston, FL",26.1003654,-80.3997748
"Wheaton, MN",45.8044052,-96.499233
"White Salmon, WA",45.7276194,-121.4864619
"Whitefish, MT",48.4110757,-114.3376334
"Whitsett, NC",36.0712466,-79.5644686
"Wichita Falls, TX",33.9137085,-98.4933873
"Williams, AZ",35.2494566,-112.1910031
"Williamsburg, VA",37.2707022,-76.7074571
"Williamson, GA",33.1823419,-84.3615902
"Williamsport, MD",39.6006523,-77.8205508
"Williston, VT",44.4454432,-73.099194
"Willow Park, TX",32.7626286,-97.6505822
"Wilmington, NC",34.2257255,-77.9447102
"Wilson, NC",35.7212689,-77.9155395
"Wilsonville, OR",45.2998418,-122.7737062
"Windsor, VA",36.808483,-76.7441246
"Winlock, WA",46.4912176,-122.9378983
"Winslow, AZ",35.0241873,-110.6973571
"Winslow, WA",47.6251634,-122.5144653
"Winter Garden, FL",28.5652787,-81.5861847
"Winter Park, FL",28.6,-81.3392352
"Winters, CA",38.5249065,-121.9708017
"Winthrop, WA",48.4779232,-120.1861956
"Woodbine, MD",39.3598259,-77.0624803
"Woodcliff, NJ",41.0194399,-74.0439659
"Woodinville, WA",47.7542651,-122.1634582
"Woodland Park, CO",38.9938808,-105.0569301
"Woodlands, TX",27.5255818,-99.43324
"Woodlawn, IL",38.3300496,-89.0325693
"Woods Hole, MA",41.5264977,-70.6730857
"Woodside, CA",37.4299388,-122.2538557
"Woodstock, VA",38.8817784,-78.5058429
"Woodstock, VT",43.6242442,-72.5185112
"Worthington, MN",43.623348,-95.5952
"Wray, CO",40.0758231,-102.2232495
"Wrightwood, CA",34.3608341,-117.6333884
"Wylie, TX",33.0151201,-96.5388789
"Yakima, WA",46.6020711,-120.5058987
"Yellow Spring, OH",39.8064486,-83.886874
"Yonkers, NY",40.9312099,-73.8987469
"Yorba Linda, CA",33.8886259,-117.8131125
"Yosemite Valley, CA",37.7455701,-119.5936038
"Yreka, CA",41.7354186,-122.6344708
"Yuma, AZ",32.7253248,-114.624397
"Zebulon, NC",35.8243208,-78.3147199
"Zephyrhills, FL",28.2336196,-82.1811947
"Zillah, WA",46.4020734,-120.2619988
"Zionsville, IN",39.9508733,-86.261937
"arlington, VA",38.8799697,-77.1067698
"cookeville, TN",36.162839,-85.5016423
"davis, CA",38.5449065,-121.7405167
"portage, MI",42.2011538,-85.5800022
"saratoga, WY",41.4549621,-106.8064263
